task_id,required_skills,num_experts
1,"Robotics, Algorithm Engineering, Network Security, Blockchain, Time Series Analysis, ETL Pipelines, Artificial Intelligence, Data Warehousing, Quantum Computing, Systems Design, Reinforcement Learning, Big Data, MLOps, Edge Computing, Statistical Modeling",5
2,"Time Series Analysis, Data Analysis, Predictive Modeling, Statistical Modeling, API Development, Data Visualization, Big Data, Algorithm Engineering, ETL Pipelines, Database Systems, Robotics, Deep Learning, IoT, Edge Computing, Machine Learning",8
3,"Robotics, Data Analysis, Network Security, MLOps, Systems Design, Statistical Modeling, Optimization, Artificial Intelligence, Blockchain, Computer Vision, Generative AI, Data Mining, Business Intelligence, Time Series Analysis, NLP",8
4,"Time Series Analysis, Cloud Computing, Deep Learning, Blockchain, Cybersecurity, Optimization, Software Engineering, Data Mining, Predictive Modeling, MLOps, Data Analysis, Artificial Intelligence, Systems Design, Data Visualization, Distributed Systems",7
5,"ETL Pipelines, Database Systems, Deep Learning, Computer Vision, Systems Design, NLP, Optimization, MLOps, Machine Learning, Generative AI, Algorithm Engineering, Quantum Computing, Data Mining, Reinforcement Learning, Statistical Modeling",6
6,"Computer Vision, Generative AI, NLP, Cybersecurity, Machine Learning, Quantum Computing, Embedded Systems, Blockchain, Optimization, Data Warehousing, Data Mining, Cloud Computing, Algorithm Engineering, Robotics, Edge Computing",6
7,"Time Series Analysis, Cloud Computing, Computer Vision, Data Analysis, Network Security, Machine Learning, Software Engineering, Statistical Modeling, Blockchain, MLOps, API Development, Reinforcement Learning, Data Visualization, NLP, Distributed Systems",8
8,"Artificial Intelligence, Quantum Computing, DevOps, Algorithm Engineering, Edge Computing, Data Visualization, Generative AI, Reinforcement Learning, Time Series Analysis, Data Analysis, Optimization, Predictive Modeling, ETL Pipelines, Statistical Modeling, Robotics",7
9,"Blockchain, Computer Vision, Algorithm Engineering, Artificial Intelligence, Reinforcement Learning, Data Warehousing, Data Mining, Business Intelligence, Edge Computing, Systems Design, Time Series Analysis, Cloud Computing, Predictive Modeling, Database Systems, Big Data",6
10,"Embedded Systems, Generative AI, IoT, Deep Learning, Cloud Computing, Edge Computing, Machine Learning, Algorithm Engineering, Statistical Modeling, Software Engineering, Business Intelligence, Data Visualization, Database Systems, Predictive Modeling, Systems Design",6
11,"Statistical Modeling, Software Engineering, Algorithm Engineering, Embedded Systems, Systems Design, Reinforcement Learning, Optimization, API Development, IoT, Artificial Intelligence, Database Systems, Business Intelligence, ETL Pipelines, Data Warehousing, Cloud Computing",5
12,"Systems Design, Data Analysis, Time Series Analysis, Data Warehousing, Computer Vision, Embedded Systems, Predictive Modeling, Quantum Computing, Edge Computing, Data Mining, Optimization, Statistical Modeling, ETL Pipelines, Deep Learning, Robotics",7
13,"ETL Pipelines, Statistical Modeling, Reinforcement Learning, MLOps, Optimization, Cybersecurity, Data Analysis, Robotics, Edge Computing, Machine Learning, Deep Learning, NLP, Artificial Intelligence, Predictive Modeling, Distributed Systems",8
14,"Quantum Computing, Data Visualization, Deep Learning, Embedded Systems, Distributed Systems, DevOps, MLOps, Optimization, Edge Computing, API Development, Blockchain, Computer Vision, Statistical Modeling, Cybersecurity, Artificial Intelligence",6
15,"Cloud Computing, Data Warehousing, Machine Learning, NLP, Statistical Modeling, Software Engineering, Robotics, Computer Vision, Predictive Modeling, Business Intelligence, DevOps, IoT, Systems Design, Artificial Intelligence, Time Series Analysis",5
16,"IoT, Robotics, Database Systems, Statistical Modeling, Optimization, Time Series Analysis, Network Security, NLP, Cybersecurity, Computer Vision, Artificial Intelligence, MLOps, Big Data, Data Analysis, DevOps",8
17,"Big Data, DevOps, NLP, ETL Pipelines, Quantum Computing, Computer Vision, Software Engineering, Robotics, Systems Design, IoT, Edge Computing, API Development, Cybersecurity, Database Systems, Reinforcement Learning",8
18,"Cloud Computing, NLP, Software Engineering, Big Data, Edge Computing, Computer Vision, Quantum Computing, Network Security, Blockchain, Data Warehousing, IoT, Optimization, Reinforcement Learning, Data Visualization, Predictive Modeling",6
19,"Data Mining, Blockchain, Business Intelligence, Software Engineering, Optimization, NLP, Machine Learning, Predictive Modeling, Edge Computing, Big Data, Cloud Computing, Database Systems, Systems Design, Deep Learning, Computer Vision",8
20,"Embedded Systems, Cloud Computing, Optimization, DevOps, API Development, Generative AI, Predictive Modeling, Statistical Modeling, Database Systems, IoT, Deep Learning, MLOps, Robotics, Cybersecurity, Systems Design",8
21,"Algorithm Engineering, Embedded Systems, API Development, Statistical Modeling, Big Data, Business Intelligence, Blockchain, Predictive Modeling, Edge Computing, Quantum Computing, Time Series Analysis, Machine Learning, Computer Vision, NLP, Data Warehousing",7
22,"Deep Learning, Edge Computing, Data Visualization, Reinforcement Learning, Systems Design, Generative AI, Blockchain, Business Intelligence, Cybersecurity, IoT, Big Data, Network Security, Data Mining, Cloud Computing, Data Warehousing",6
23,"Algorithm Engineering, Data Warehousing, Robotics, Data Mining, Systems Design, Database Systems, Reinforcement Learning, Optimization, Data Visualization, Embedded Systems, Edge Computing, MLOps, Distributed Systems, IoT, Deep Learning",6
24,"DevOps, Machine Learning, IoT, Generative AI, NLP, Big Data, Predictive Modeling, Data Mining, Systems Design, Time Series Analysis, Software Engineering, Database Systems, Distributed Systems, Network Security, API Development",5
25,"Network Security, Robotics, Computer Vision, NLP, Data Mining, IoT, Machine Learning, Statistical Modeling, Systems Design, Optimization, MLOps, ETL Pipelines, Edge Computing, Big Data, Software Engineering",8
26,"Network Security, Blockchain, Big Data, Database Systems, Artificial Intelligence, DevOps, Software Engineering, Generative AI, MLOps, IoT, Algorithm Engineering, Quantum Computing, Business Intelligence, Predictive Modeling, Embedded Systems",7
27,"Systems Design, Software Engineering, Edge Computing, Robotics, NLP, Distributed Systems, Quantum Computing, Computer Vision, Deep Learning, Embedded Systems, Database Systems, Business Intelligence, Network Security, API Development, ETL Pipelines",6
28,"Cybersecurity, Predictive Modeling, Blockchain, Time Series Analysis, DevOps, Data Warehousing, Data Visualization, Computer Vision, Robotics, MLOps, Network Security, Artificial Intelligence, IoT, Cloud Computing, Business Intelligence",8
29,"Reinforcement Learning, Artificial Intelligence, API Development, Data Warehousing, Optimization, NLP, Data Visualization, Generative AI, ETL Pipelines, DevOps, Blockchain, Systems Design, Network Security, Software Engineering, Embedded Systems",7
30,"Data Mining, Big Data, Software Engineering, ETL Pipelines, Business Intelligence, Predictive Modeling, Edge Computing, Reinforcement Learning, Time Series Analysis, Embedded Systems, Blockchain, DevOps, Computer Vision, Distributed Systems, Statistical Modeling",7
31,"Blockchain, Embedded Systems, Computer Vision, ETL Pipelines, Business Intelligence, Robotics, Predictive Modeling, Software Engineering, Data Mining, Cybersecurity, Data Analysis, API Development, Network Security, Edge Computing, Machine Learning",8
32,"API Development, Machine Learning, IoT, Blockchain, Data Mining, Quantum Computing, Statistical Modeling, Software Engineering, Computer Vision, NLP, Time Series Analysis, ETL Pipelines, Database Systems, Embedded Systems, Robotics",5
33,"Algorithm Engineering, Artificial Intelligence, Optimization, Predictive Modeling, Time Series Analysis, Quantum Computing, Data Visualization, Blockchain, Cybersecurity, Data Analysis, Cloud Computing, Network Security, Generative AI, Deep Learning, Data Mining",6
34,"Data Visualization, Big Data, Statistical Modeling, Reinforcement Learning, Systems Design, MLOps, Data Warehousing, ETL Pipelines, Deep Learning, Cybersecurity, API Development, Business Intelligence, Software Engineering, Distributed Systems, Computer Vision",7
35,"Quantum Computing, Network Security, Blockchain, Artificial Intelligence, Cloud Computing, Robotics, Data Mining, MLOps, Systems Design, Reinforcement Learning, NLP, Database Systems, Optimization, Business Intelligence, Deep Learning",7
36,"Data Mining, Cybersecurity, Business Intelligence, Quantum Computing, IoT, Data Warehousing, MLOps, API Development, Edge Computing, Software Engineering, Blockchain, Reinforcement Learning, Algorithm Engineering, Data Visualization, NLP",5
37,"Time Series Analysis, Quantum Computing, DevOps, IoT, Data Warehousing, Business Intelligence, Data Analysis, Blockchain, Embedded Systems, Machine Learning, NLP, Cybersecurity, Big Data, Predictive Modeling, Network Security",6
38,"Cloud Computing, Data Visualization, API Development, MLOps, DevOps, Network Security, Data Analysis, IoT, Data Mining, Embedded Systems, Generative AI, Database Systems, Optimization, Algorithm Engineering, Robotics",5
39,"Data Visualization, Systems Design, Data Mining, Quantum Computing, Artificial Intelligence, Algorithm Engineering, Predictive Modeling, Data Warehousing, ETL Pipelines, Distributed Systems, Robotics, Blockchain, Optimization, Edge Computing, Computer Vision",6
40,"Artificial Intelligence, Database Systems, NLP, Big Data, Optimization, ETL Pipelines, Distributed Systems, Robotics, Deep Learning, Time Series Analysis, Data Mining, DevOps, Network Security, Quantum Computing, Systems Design",8
41,"Generative AI, Big Data, Embedded Systems, Network Security, MLOps, Cybersecurity, Quantum Computing, Systems Design, Artificial Intelligence, Reinforcement Learning, Data Analysis, Statistical Modeling, Software Engineering, DevOps, API Development",8
42,"Optimization, Cloud Computing, Artificial Intelligence, Network Security, Algorithm Engineering, Robotics, IoT, Cybersecurity, Computer Vision, Data Warehousing, Machine Learning, ETL Pipelines, API Development, MLOps, Quantum Computing",8
43,"Algorithm Engineering, Computer Vision, DevOps, Reinforcement Learning, Robotics, Machine Learning, API Development, Artificial Intelligence, Quantum Computing, Systems Design, Blockchain, Statistical Modeling, NLP, IoT, Data Warehousing",5
44,"Machine Learning, MLOps, Statistical Modeling, Artificial Intelligence, Optimization, Algorithm Engineering, Computer Vision, ETL Pipelines, Time Series Analysis, Data Mining, NLP, Data Analysis, Quantum Computing, Cybersecurity, Data Warehousing",5
45,"Systems Design, Computer Vision, Predictive Modeling, Statistical Modeling, Network Security, API Development, Algorithm Engineering, Reinforcement Learning, Generative AI, Embedded Systems, Blockchain, Data Visualization, Data Analysis, NLP, MLOps",5
46,"Predictive Modeling, IoT, Artificial Intelligence, Edge Computing, Statistical Modeling, Optimization, Systems Design, Blockchain, Computer Vision, Robotics, NLP, Data Mining, ETL Pipelines, Big Data, Embedded Systems",7
47,"Data Mining, Cloud Computing, Data Visualization, MLOps, Software Engineering, DevOps, Reinforcement Learning, Deep Learning, Data Analysis, Data Warehousing, Network Security, Business Intelligence, Cybersecurity, Big Data, API Development",7
48,"DevOps, Big Data, ETL Pipelines, IoT, Predictive Modeling, Statistical Modeling, Generative AI, Data Warehousing, Optimization, Systems Design, Deep Learning, Data Mining, MLOps, Artificial Intelligence, Reinforcement Learning",8
49,"Generative AI, DevOps, Systems Design, Robotics, Database Systems, Business Intelligence, Data Warehousing, Artificial Intelligence, NLP, Time Series Analysis, Reinforcement Learning, Data Analysis, Software Engineering, MLOps, Data Visualization",8
50,"Cybersecurity, Data Analysis, Big Data, Distributed Systems, Deep Learning, Software Engineering, Computer Vision, Cloud Computing, Blockchain, Generative AI, Predictive Modeling, Machine Learning, NLP, Reinforcement Learning, Robotics",8
51,"ETL Pipelines, Big Data, Network Security, Predictive Modeling, API Development, Edge Computing, DevOps, Machine Learning, Database Systems, Quantum Computing, Data Visualization, Embedded Systems, Software Engineering, Artificial Intelligence, NLP",8
52,"ETL Pipelines, Statistical Modeling, Deep Learning, Data Visualization, Network Security, Machine Learning, Algorithm Engineering, NLP, Edge Computing, Generative AI, Data Warehousing, Distributed Systems, Time Series Analysis, Reinforcement Learning, Blockchain",7
53,"IoT, Generative AI, Artificial Intelligence, Cloud Computing, Time Series Analysis, Deep Learning, Data Mining, Computer Vision, Machine Learning, Predictive Modeling, API Development, Embedded Systems, DevOps, Algorithm Engineering, Cybersecurity",7
54,"Data Visualization, Deep Learning, Systems Design, Cybersecurity, Statistical Modeling, Distributed Systems, Robotics, Software Engineering, API Development, Quantum Computing, Computer Vision, NLP, Embedded Systems, MLOps, Reinforcement Learning",6
55,"Business Intelligence, Generative AI, Blockchain, Network Security, Time Series Analysis, Edge Computing, Deep Learning, Data Mining, IoT, Systems Design, Quantum Computing, Cybersecurity, Algorithm Engineering, Robotics, Data Visualization",7
56,"Time Series Analysis, Software Engineering, Embedded Systems, Machine Learning, DevOps, Blockchain, Data Visualization, Statistical Modeling, Data Mining, Systems Design, Algorithm Engineering, Reinforcement Learning, Network Security, Cloud Computing, Data Warehousing",8
57,"Database Systems, DevOps, Quantum Computing, Reinforcement Learning, Robotics, Software Engineering, Blockchain, Network Security, API Development, Deep Learning, Data Mining, Optimization, Cloud Computing, Edge Computing, Computer Vision",5
58,"Blockchain, Artificial Intelligence, Algorithm Engineering, Distributed Systems, Deep Learning, Statistical Modeling, Data Visualization, Quantum Computing, API Development, IoT, Time Series Analysis, Embedded Systems, Software Engineering, Predictive Modeling, Business Intelligence",5
59,"Data Mining, NLP, DevOps, Optimization, Computer Vision, Systems Design, Data Visualization, Big Data, Quantum Computing, MLOps, Distributed Systems, IoT, Database Systems, Deep Learning, Predictive Modeling",8
60,"Data Analysis, DevOps, Time Series Analysis, Deep Learning, NLP, API Development, Machine Learning, MLOps, IoT, Predictive Modeling, Data Warehousing, ETL Pipelines, Artificial Intelligence, Distributed Systems, Edge Computing",5
61,"Quantum Computing, Software Engineering, Database Systems, Deep Learning, Reinforcement Learning, Business Intelligence, ETL Pipelines, MLOps, Cybersecurity, Artificial Intelligence, Data Analysis, Data Mining, Predictive Modeling, Blockchain, Generative AI",8
62,"Cybersecurity, Algorithm Engineering, Blockchain, Time Series Analysis, Statistical Modeling, MLOps, Data Visualization, Big Data, Data Warehousing, Software Engineering, Database Systems, Network Security, ETL Pipelines, Systems Design, Business Intelligence",6
63,"MLOps, Cybersecurity, Computer Vision, Data Warehousing, Statistical Modeling, Cloud Computing, Big Data, Distributed Systems, Systems Design, Time Series Analysis, Blockchain, API Development, Software Engineering, Artificial Intelligence, Algorithm Engineering",8
64,"Artificial Intelligence, Computer Vision, Cloud Computing, MLOps, Database Systems, Data Visualization, Predictive Modeling, Software Engineering, Distributed Systems, Quantum Computing, Cybersecurity, DevOps, IoT, API Development, Systems Design",5
65,"IoT, Systems Design, NLP, Generative AI, Business Intelligence, MLOps, Computer Vision, Cybersecurity, API Development, Machine Learning, Distributed Systems, Time Series Analysis, Quantum Computing, Big Data, Data Visualization",6
66,"Computer Vision, Optimization, Cybersecurity, Business Intelligence, Data Mining, Blockchain, Data Analysis, Big Data, Embedded Systems, Algorithm Engineering, Artificial Intelligence, API Development, NLP, Deep Learning, ETL Pipelines",8
67,"Computer Vision, Artificial Intelligence, Data Analysis, Network Security, DevOps, Algorithm Engineering, ETL Pipelines, Business Intelligence, Edge Computing, Machine Learning, Systems Design, Statistical Modeling, Database Systems, Quantum Computing, Blockchain",7
68,"Network Security, API Development, Embedded Systems, ETL Pipelines, Reinforcement Learning, Data Visualization, Optimization, IoT, Algorithm Engineering, Generative AI, Edge Computing, NLP, Time Series Analysis, MLOps, Blockchain",6
69,"Data Analysis, Data Warehousing, ETL Pipelines, Computer Vision, Artificial Intelligence, Robotics, Time Series Analysis, Algorithm Engineering, Blockchain, Distributed Systems, Cloud Computing, Embedded Systems, Reinforcement Learning, Statistical Modeling, Database Systems",6
70,"Deep Learning, Distributed Systems, Generative AI, Embedded Systems, Database Systems, Data Visualization, ETL Pipelines, Computer Vision, Artificial Intelligence, Predictive Modeling, Optimization, MLOps, Edge Computing, IoT, Machine Learning",8
71,"Predictive Modeling, Generative AI, Robotics, API Development, Blockchain, Distributed Systems, Reinforcement Learning, Edge Computing, Data Mining, IoT, Data Visualization, Deep Learning, ETL Pipelines, Data Analysis, Embedded Systems",6
72,"Blockchain, Software Engineering, Systems Design, Data Mining, Cloud Computing, Deep Learning, Edge Computing, API Development, Algorithm Engineering, ETL Pipelines, Network Security, Robotics, Cybersecurity, Distributed Systems, Data Analysis",7
73,"Statistical Modeling, Deep Learning, Algorithm Engineering, Data Visualization, Cybersecurity, DevOps, ETL Pipelines, Data Warehousing, Data Mining, Data Analysis, API Development, Time Series Analysis, Artificial Intelligence, Embedded Systems, Optimization",8
74,"Network Security, Robotics, Database Systems, Embedded Systems, API Development, Generative AI, ETL Pipelines, Data Analysis, Quantum Computing, Cloud Computing, Statistical Modeling, Predictive Modeling, Deep Learning, Data Mining, Optimization",8
75,"Cloud Computing, ETL Pipelines, DevOps, Systems Design, Predictive Modeling, Embedded Systems, Edge Computing, Network Security, Data Visualization, Generative AI, NLP, API Development, Big Data, Data Analysis, Software Engineering",5
76,"Cybersecurity, ETL Pipelines, Blockchain, NLP, Business Intelligence, IoT, Cloud Computing, Time Series Analysis, Optimization, Systems Design, Embedded Systems, Distributed Systems, Artificial Intelligence, Software Engineering, Machine Learning",7
77,"Blockchain, DevOps, Time Series Analysis, Predictive Modeling, Algorithm Engineering, IoT, Edge Computing, ETL Pipelines, Generative AI, Cloud Computing, Database Systems, Systems Design, Reinforcement Learning, Business Intelligence, NLP",5
78,"Artificial Intelligence, Quantum Computing, Predictive Modeling, Software Engineering, MLOps, API Development, Embedded Systems, NLP, Deep Learning, ETL Pipelines, Robotics, Cloud Computing, Reinforcement Learning, Algorithm Engineering, Distributed Systems",8
79,"Data Mining, Predictive Modeling, Reinforcement Learning, NLP, Big Data, Time Series Analysis, Data Warehousing, Business Intelligence, Deep Learning, Algorithm Engineering, Computer Vision, MLOps, Software Engineering, Blockchain, Machine Learning",8
80,"ETL Pipelines, Software Engineering, Data Visualization, Robotics, Data Warehousing, Distributed Systems, Machine Learning, Time Series Analysis, DevOps, Cybersecurity, Deep Learning, Quantum Computing, Blockchain, Algorithm Engineering, Edge Computing",8
81,"Edge Computing, ETL Pipelines, Time Series Analysis, Embedded Systems, IoT, DevOps, Blockchain, Generative AI, Data Mining, Database Systems, Distributed Systems, Software Engineering, Quantum Computing, Computer Vision, Network Security",6
82,"Big Data, Predictive Modeling, Data Analysis, Reinforcement Learning, Robotics, Algorithm Engineering, Cybersecurity, Business Intelligence, Cloud Computing, Embedded Systems, Data Warehousing, Deep Learning, Software Engineering, MLOps, Computer Vision",5
83,"Blockchain, Artificial Intelligence, Distributed Systems, Computer Vision, ETL Pipelines, Edge Computing, Time Series Analysis, Cloud Computing, Statistical Modeling, Data Visualization, Embedded Systems, Cybersecurity, Machine Learning, Data Analysis, IoT",8
84,"IoT, Data Analysis, NLP, ETL Pipelines, Business Intelligence, Data Visualization, Cloud Computing, Predictive Modeling, Distributed Systems, Blockchain, Systems Design, Machine Learning, Algorithm Engineering, DevOps, Edge Computing",7
85,"IoT, DevOps, Cybersecurity, Quantum Computing, Time Series Analysis, MLOps, Predictive Modeling, Blockchain, Big Data, Generative AI, Edge Computing, Robotics, Statistical Modeling, Artificial Intelligence, Data Analysis",5
86,"NLP, API Development, Systems Design, Robotics, Artificial Intelligence, Business Intelligence, Quantum Computing, Generative AI, Deep Learning, Big Data, Data Warehousing, Distributed Systems, Data Analysis, Time Series Analysis, Cybersecurity",6
87,"Time Series Analysis, Reinforcement Learning, Big Data, Computer Vision, Optimization, Data Mining, Data Warehousing, Statistical Modeling, Edge Computing, Network Security, Cybersecurity, Blockchain, Generative AI, Artificial Intelligence, Distributed Systems",7
88,"Statistical Modeling, Algorithm Engineering, API Development, Cloud Computing, Database Systems, MLOps, Business Intelligence, Network Security, Data Warehousing, Edge Computing, Predictive Modeling, Data Analysis, Computer Vision, ETL Pipelines, Distributed Systems",5
89,"IoT, Artificial Intelligence, Generative AI, Predictive Modeling, Data Analysis, Machine Learning, Cloud Computing, Business Intelligence, Computer Vision, API Development, Cybersecurity, Data Mining, Network Security, Big Data, Quantum Computing",5
90,"NLP, Systems Design, Reinforcement Learning, Distributed Systems, Embedded Systems, Network Security, Cybersecurity, Data Visualization, ETL Pipelines, Artificial Intelligence, Statistical Modeling, Software Engineering, Machine Learning, Database Systems, API Development",7
91,"Generative AI, Big Data, API Development, Predictive Modeling, Database Systems, Quantum Computing, IoT, Reinforcement Learning, Network Security, Embedded Systems, Computer Vision, Data Warehousing, Data Analysis, ETL Pipelines, Machine Learning",6
92,"Blockchain, Software Engineering, Reinforcement Learning, Data Visualization, Embedded Systems, Cloud Computing, Systems Design, Network Security, Computer Vision, Business Intelligence, IoT, Big Data, Quantum Computing, Generative AI, API Development",5
93,"Database Systems, Statistical Modeling, DevOps, Optimization, Blockchain, Robotics, Data Mining, Big Data, ETL Pipelines, Data Visualization, Data Warehousing, Cloud Computing, Network Security, Computer Vision, Generative AI",7
94,"Network Security, Blockchain, Distributed Systems, Optimization, Data Visualization, MLOps, Cloud Computing, API Development, Edge Computing, Embedded Systems, Algorithm Engineering, Artificial Intelligence, Reinforcement Learning, NLP, Data Mining",6
95,"Statistical Modeling, NLP, MLOps, Cloud Computing, Optimization, Predictive Modeling, Data Mining, IoT, Embedded Systems, DevOps, Big Data, API Development, Algorithm Engineering, Edge Computing, Artificial Intelligence",5
96,"Robotics, DevOps, Computer Vision, NLP, Cybersecurity, Database Systems, Distributed Systems, Software Engineering, Business Intelligence, Edge Computing, Deep Learning, Data Analysis, Quantum Computing, IoT, MLOps",8
97,"Network Security, Computer Vision, Data Analysis, Optimization, API Development, DevOps, Blockchain, Cybersecurity, IoT, Edge Computing, Distributed Systems, ETL Pipelines, Statistical Modeling, Data Warehousing, Reinforcement Learning",8
98,"Edge Computing, Embedded Systems, Big Data, Database Systems, Artificial Intelligence, ETL Pipelines, API Development, Data Warehousing, Cloud Computing, Quantum Computing, MLOps, DevOps, Blockchain, Business Intelligence, Systems Design",5
99,"Distributed Systems, Deep Learning, MLOps, Quantum Computing, Cybersecurity, Robotics, IoT, Edge Computing, API Development, Database Systems, Software Engineering, Big Data, Data Visualization, Time Series Analysis, NLP",6
100,"Cybersecurity, Reinforcement Learning, MLOps, Predictive Modeling, Time Series Analysis, Data Mining, API Development, Quantum Computing, Embedded Systems, Distributed Systems, NLP, Systems Design, Statistical Modeling, Business Intelligence, Machine Learning",5
101,"Business Intelligence, API Development, Artificial Intelligence, Time Series Analysis, ETL Pipelines, Database Systems, Distributed Systems, Cloud Computing, Deep Learning, MLOps, Quantum Computing, Embedded Systems, Generative AI, Network Security, Data Analysis",6
102,"Blockchain, Artificial Intelligence, Time Series Analysis, Data Warehousing, NLP, Distributed Systems, ETL Pipelines, MLOps, Database Systems, Generative AI, Reinforcement Learning, Machine Learning, DevOps, Robotics, Cybersecurity",8
103,"Algorithm Engineering, Robotics, IoT, Cloud Computing, Systems Design, MLOps, API Development, Database Systems, Embedded Systems, Machine Learning, Data Visualization, Deep Learning, Blockchain, Cybersecurity, Quantum Computing",8
104,"ETL Pipelines, Deep Learning, NLP, Business Intelligence, Software Engineering, Algorithm Engineering, Embedded Systems, Big Data, Computer Vision, Artificial Intelligence, Distributed Systems, Predictive Modeling, API Development, Blockchain, MLOps",8
105,"Systems Design, Data Mining, Quantum Computing, API Development, Machine Learning, IoT, Artificial Intelligence, Reinforcement Learning, Robotics, Optimization, Software Engineering, Statistical Modeling, Data Analysis, Generative AI, Distributed Systems",8
106,"IoT, Edge Computing, Data Warehousing, Artificial Intelligence, Data Analysis, Data Visualization, Deep Learning, Computer Vision, Data Mining, Database Systems, Algorithm Engineering, Cloud Computing, Quantum Computing, Embedded Systems, Generative AI",5
107,"Database Systems, Robotics, Embedded Systems, Edge Computing, IoT, Software Engineering, Systems Design, Data Visualization, Cybersecurity, Network Security, Big Data, Data Analysis, Algorithm Engineering, ETL Pipelines, Data Warehousing",5
108,"Data Warehousing, Time Series Analysis, Artificial Intelligence, Statistical Modeling, Generative AI, Algorithm Engineering, API Development, Computer Vision, Data Analysis, Quantum Computing, Software Engineering, Machine Learning, Cloud Computing, Blockchain, Data Visualization",8
109,"Data Mining, Optimization, Blockchain, Embedded Systems, API Development, ETL Pipelines, Big Data, Data Analysis, Data Visualization, Deep Learning, Network Security, Edge Computing, Quantum Computing, Cloud Computing, Algorithm Engineering",8
110,"Edge Computing, Systems Design, DevOps, Big Data, Data Analysis, Embedded Systems, Statistical Modeling, Artificial Intelligence, Cloud Computing, MLOps, IoT, Database Systems, Time Series Analysis, ETL Pipelines, NLP",5
111,"ETL Pipelines, Time Series Analysis, Artificial Intelligence, Algorithm Engineering, Deep Learning, Software Engineering, Quantum Computing, Embedded Systems, Data Mining, DevOps, Data Visualization, NLP, Reinforcement Learning, Cloud Computing, Database Systems",5
112,"Network Security, NLP, Database Systems, Deep Learning, ETL Pipelines, MLOps, Data Visualization, Computer Vision, API Development, Data Warehousing, Data Analysis, Edge Computing, Systems Design, Reinforcement Learning, Cybersecurity",5
113,"Software Engineering, Robotics, NLP, Big Data, Blockchain, Machine Learning, API Development, Computer Vision, Cloud Computing, Data Visualization, Artificial Intelligence, Reinforcement Learning, Time Series Analysis, Data Mining, Quantum Computing",6
114,"Algorithm Engineering, Reinforcement Learning, Robotics, Systems Design, Optimization, Data Visualization, Deep Learning, Machine Learning, Database Systems, Quantum Computing, Predictive Modeling, Time Series Analysis, Software Engineering, Data Analysis, Big Data",6
115,"Data Warehousing, MLOps, Deep Learning, Predictive Modeling, Generative AI, Machine Learning, Cybersecurity, Quantum Computing, Artificial Intelligence, Time Series Analysis, ETL Pipelines, Distributed Systems, Optimization, Computer Vision, Software Engineering",7
116,"Computer Vision, Time Series Analysis, IoT, Database Systems, Embedded Systems, Deep Learning, Systems Design, Optimization, Software Engineering, Data Analysis, Edge Computing, ETL Pipelines, Artificial Intelligence, Distributed Systems, Network Security",8
117,"Big Data, ETL Pipelines, Distributed Systems, Systems Design, API Development, DevOps, Business Intelligence, Database Systems, Reinforcement Learning, IoT, NLP, Predictive Modeling, Statistical Modeling, Computer Vision, Generative AI",6
118,"Computer Vision, Big Data, NLP, Data Mining, Business Intelligence, Quantum Computing, Generative AI, Predictive Modeling, MLOps, Statistical Modeling, Edge Computing, Data Warehousing, Robotics, Data Analysis, API Development",8
119,"ETL Pipelines, Reinforcement Learning, Embedded Systems, Blockchain, Network Security, Distributed Systems, Cloud Computing, Machine Learning, Generative AI, Computer Vision, Data Visualization, Systems Design, Data Warehousing, Big Data, Quantum Computing",8
120,"Distributed Systems, Generative AI, NLP, Time Series Analysis, Data Mining, Deep Learning, Data Visualization, Database Systems, API Development, Edge Computing, Artificial Intelligence, Cybersecurity, Reinforcement Learning, Big Data, Cloud Computing",6
121,"Data Analysis, Blockchain, Edge Computing, API Development, ETL Pipelines, Network Security, Time Series Analysis, Database Systems, Data Mining, Cybersecurity, Robotics, Generative AI, Algorithm Engineering, Quantum Computing, Data Warehousing",6
122,"Network Security, Data Visualization, IoT, Artificial Intelligence, Cybersecurity, Business Intelligence, Computer Vision, Quantum Computing, Data Warehousing, API Development, Database Systems, Robotics, DevOps, MLOps, Big Data",6
123,"Robotics, Business Intelligence, Network Security, NLP, Cybersecurity, API Development, Machine Learning, Systems Design, Quantum Computing, Software Engineering, Generative AI, Predictive Modeling, Cloud Computing, Big Data, Data Warehousing",6
124,"Data Analysis, Deep Learning, Data Visualization, NLP, Artificial Intelligence, Predictive Modeling, IoT, Quantum Computing, Reinforcement Learning, Generative AI, Optimization, Data Mining, Data Warehousing, Network Security, Big Data",8
125,"MLOps, Business Intelligence, Predictive Modeling, Data Analysis, Systems Design, Statistical Modeling, Artificial Intelligence, Quantum Computing, IoT, NLP, Distributed Systems, Big Data, Cybersecurity, DevOps, Generative AI",7
126,"Computer Vision, DevOps, Database Systems, Data Visualization, MLOps, Robotics, NLP, Optimization, Big Data, Statistical Modeling, Business Intelligence, Predictive Modeling, Blockchain, Cloud Computing, Quantum Computing",6
127,"Time Series Analysis, Distributed Systems, Software Engineering, Embedded Systems, Data Mining, Deep Learning, Cybersecurity, Robotics, Generative AI, MLOps, Computer Vision, Business Intelligence, Quantum Computing, Edge Computing, Predictive Modeling",6
128,"Reinforcement Learning, Optimization, IoT, Edge Computing, ETL Pipelines, Statistical Modeling, Computer Vision, Data Mining, Cloud Computing, Time Series Analysis, Data Visualization, NLP, Robotics, Predictive Modeling, Blockchain",5
129,"Algorithm Engineering, Big Data, Artificial Intelligence, Computer Vision, Blockchain, Embedded Systems, Systems Design, Data Analysis, MLOps, Generative AI, DevOps, Predictive Modeling, Machine Learning, Cloud Computing, NLP",8
130,"Network Security, Software Engineering, Artificial Intelligence, Systems Design, Embedded Systems, Edge Computing, Data Analysis, Statistical Modeling, Distributed Systems, Optimization, Data Warehousing, Data Mining, Computer Vision, Cloud Computing, Deep Learning",8
131,"Generative AI, Optimization, Reinforcement Learning, ETL Pipelines, Deep Learning, Cloud Computing, NLP, Machine Learning, Network Security, Data Warehousing, Big Data, Predictive Modeling, MLOps, Data Analysis, Artificial Intelligence",8
132,"Computer Vision, Business Intelligence, Statistical Modeling, MLOps, Cloud Computing, Artificial Intelligence, NLP, Quantum Computing, Generative AI, Data Visualization, Blockchain, Embedded Systems, IoT, Predictive Modeling, Software Engineering",6
133,"DevOps, NLP, API Development, Optimization, Data Analysis, Algorithm Engineering, Embedded Systems, Software Engineering, IoT, Data Mining, Reinforcement Learning, Systems Design, Generative AI, MLOps, Edge Computing",8
134,"Software Engineering, IoT, Time Series Analysis, ETL Pipelines, Reinforcement Learning, Cybersecurity, API Development, Data Visualization, Cloud Computing, Generative AI, Edge Computing, Statistical Modeling, Embedded Systems, Distributed Systems, Algorithm Engineering",8
135,"Network Security, API Development, Distributed Systems, Database Systems, Edge Computing, Quantum Computing, Data Warehousing, Embedded Systems, Data Mining, Time Series Analysis, Artificial Intelligence, Cloud Computing, Predictive Modeling, Systems Design, Optimization",5
136,"Generative AI, Embedded Systems, Cloud Computing, NLP, Business Intelligence, Data Visualization, Distributed Systems, Big Data, Systems Design, Data Mining, Optimization, MLOps, Cybersecurity, Blockchain, IoT",6
137,"Time Series Analysis, Embedded Systems, MLOps, ETL Pipelines, Cloud Computing, Edge Computing, Predictive Modeling, NLP, Blockchain, Data Visualization, Network Security, Deep Learning, DevOps, Data Warehousing, Distributed Systems",7
138,"Robotics, DevOps, Cybersecurity, MLOps, Database Systems, Business Intelligence, Algorithm Engineering, Data Warehousing, Edge Computing, Distributed Systems, NLP, Time Series Analysis, Data Mining, Generative AI, IoT",5
139,"Machine Learning, Distributed Systems, Embedded Systems, Big Data, Quantum Computing, Data Analysis, Statistical Modeling, IoT, Time Series Analysis, DevOps, Cloud Computing, Software Engineering, Robotics, Edge Computing, Network Security",8
140,"MLOps, Deep Learning, Data Visualization, Robotics, Machine Learning, Distributed Systems, Cloud Computing, Data Analysis, Data Warehousing, Statistical Modeling, Generative AI, Blockchain, Artificial Intelligence, Systems Design, IoT",5
141,"Computer Vision, Cloud Computing, Embedded Systems, Optimization, Artificial Intelligence, Algorithm Engineering, IoT, Quantum Computing, Data Mining, NLP, MLOps, Systems Design, Business Intelligence, Data Visualization, Time Series Analysis",8
142,"Embedded Systems, Big Data, Reinforcement Learning, Statistical Modeling, Data Visualization, Distributed Systems, Optimization, Robotics, Edge Computing, Predictive Modeling, Data Warehousing, Artificial Intelligence, Software Engineering, Data Analysis, Cloud Computing",5
143,"Data Mining, IoT, Systems Design, Optimization, Artificial Intelligence, Blockchain, MLOps, Data Visualization, ETL Pipelines, Robotics, Network Security, Data Warehousing, Big Data, Business Intelligence, Database Systems",6
144,"Robotics, Time Series Analysis, Optimization, Network Security, Data Mining, Database Systems, Blockchain, Cloud Computing, Distributed Systems, Computer Vision, Generative AI, Reinforcement Learning, Machine Learning, NLP, DevOps",5
145,"Cloud Computing, Quantum Computing, Embedded Systems, Predictive Modeling, API Development, Systems Design, Blockchain, MLOps, Generative AI, Cybersecurity, Machine Learning, IoT, Algorithm Engineering, Data Visualization, Computer Vision",6
146,"Computer Vision, Cloud Computing, Distributed Systems, ETL Pipelines, Artificial Intelligence, NLP, Software Engineering, Cybersecurity, Network Security, Data Analysis, Data Mining, Statistical Modeling, Reinforcement Learning, Embedded Systems, Generative AI",5
147,"Blockchain, Data Mining, Deep Learning, Network Security, Algorithm Engineering, Business Intelligence, Quantum Computing, Machine Learning, Generative AI, Edge Computing, Systems Design, Time Series Analysis, Distributed Systems, Optimization, Embedded Systems",8
148,"Artificial Intelligence, Data Warehousing, Business Intelligence, Edge Computing, Database Systems, Computer Vision, Optimization, DevOps, Blockchain, Distributed Systems, IoT, Cloud Computing, Algorithm Engineering, ETL Pipelines, Data Analysis",6
149,"Systems Design, Computer Vision, Statistical Modeling, Software Engineering, Artificial Intelligence, Business Intelligence, Edge Computing, Blockchain, Deep Learning, Quantum Computing, Machine Learning, API Development, Cybersecurity, Cloud Computing, Robotics",5
150,"Cybersecurity, Robotics, Data Visualization, Software Engineering, DevOps, Data Warehousing, Statistical Modeling, Database Systems, Time Series Analysis, Distributed Systems, Reinforcement Learning, Predictive Modeling, MLOps, Optimization, Algorithm Engineering",8
151,"ETL Pipelines, Business Intelligence, Distributed Systems, Time Series Analysis, Machine Learning, Generative AI, Data Warehousing, DevOps, Statistical Modeling, Blockchain, NLP, Computer Vision, Reinforcement Learning, Quantum Computing, Data Mining",8
152,"API Development, Computer Vision, Artificial Intelligence, Software Engineering, DevOps, Time Series Analysis, Statistical Modeling, Network Security, Edge Computing, MLOps, Data Mining, Deep Learning, Data Analysis, Robotics, Optimization",5
153,"Business Intelligence, Optimization, Cloud Computing, Network Security, Statistical Modeling, IoT, Quantum Computing, Data Mining, Time Series Analysis, Cybersecurity, Data Warehousing, Robotics, Big Data, Deep Learning, DevOps",8
154,"Generative AI, Big Data, NLP, API Development, Machine Learning, IoT, Time Series Analysis, Software Engineering, Blockchain, Data Visualization, Reinforcement Learning, ETL Pipelines, Cloud Computing, Robotics, Quantum Computing",7
155,"Predictive Modeling, Distributed Systems, Cybersecurity, MLOps, Database Systems, Robotics, Big Data, ETL Pipelines, Machine Learning, Reinforcement Learning, Statistical Modeling, API Development, NLP, Network Security, Artificial Intelligence",5
156,"Computer Vision, Business Intelligence, DevOps, Optimization, Algorithm Engineering, Blockchain, Time Series Analysis, Data Mining, NLP, Quantum Computing, Robotics, ETL Pipelines, Generative AI, IoT, Systems Design",7
157,"Statistical Modeling, Quantum Computing, Computer Vision, Cybersecurity, API Development, Distributed Systems, Data Analysis, Blockchain, DevOps, Data Visualization, Systems Design, Time Series Analysis, Optimization, Data Mining, Data Warehousing",6
158,"API Development, Data Visualization, Embedded Systems, NLP, Big Data, Robotics, Machine Learning, Network Security, Cloud Computing, Deep Learning, MLOps, Predictive Modeling, Computer Vision, Optimization, Business Intelligence",5
159,"DevOps, Data Analysis, Distributed Systems, Time Series Analysis, Deep Learning, Computer Vision, Machine Learning, Quantum Computing, Artificial Intelligence, Statistical Modeling, ETL Pipelines, Data Visualization, Big Data, Data Warehousing, Predictive Modeling",5
160,"Software Engineering, Cloud Computing, Network Security, Edge Computing, Data Mining, Statistical Modeling, Time Series Analysis, Data Warehousing, Robotics, Data Visualization, Database Systems, Computer Vision, ETL Pipelines, Big Data, Cybersecurity",8
161,"Cybersecurity, Time Series Analysis, ETL Pipelines, Reinforcement Learning, Statistical Modeling, Computer Vision, IoT, Data Visualization, Deep Learning, MLOps, Network Security, Data Warehousing, Embedded Systems, Algorithm Engineering, Generative AI",8
162,"DevOps, Artificial Intelligence, Blockchain, Cloud Computing, Distributed Systems, ETL Pipelines, Business Intelligence, Reinforcement Learning, API Development, Optimization, Quantum Computing, Embedded Systems, Edge Computing, Algorithm Engineering, MLOps",8
163,"Software Engineering, API Development, Predictive Modeling, NLP, Edge Computing, ETL Pipelines, Data Visualization, Big Data, Database Systems, Distributed Systems, Artificial Intelligence, Robotics, Cloud Computing, Systems Design, Embedded Systems",7
164,"Computer Vision, Data Mining, Data Visualization, Blockchain, Systems Design, Data Warehousing, Network Security, DevOps, Cybersecurity, Reinforcement Learning, API Development, Statistical Modeling, IoT, Distributed Systems, ETL Pipelines",8
165,"Artificial Intelligence, Distributed Systems, Algorithm Engineering, Machine Learning, Software Engineering, Generative AI, Embedded Systems, Database Systems, MLOps, Data Analysis, Data Warehousing, Deep Learning, Predictive Modeling, Robotics, Data Visualization",6
166,"Data Warehousing, Time Series Analysis, ETL Pipelines, NLP, Quantum Computing, Cybersecurity, Robotics, Data Visualization, IoT, Embedded Systems, Network Security, Reinforcement Learning, Edge Computing, DevOps, Algorithm Engineering",6
167,"Time Series Analysis, Business Intelligence, Computer Vision, Cybersecurity, Edge Computing, MLOps, Data Analysis, Data Mining, Predictive Modeling, Artificial Intelligence, Reinforcement Learning, Data Visualization, Generative AI, Deep Learning, DevOps",8
168,"Computer Vision, Generative AI, Systems Design, Data Mining, ETL Pipelines, Software Engineering, Time Series Analysis, Data Visualization, Statistical Modeling, NLP, DevOps, Robotics, Network Security, Blockchain, Data Analysis",5
169,"Embedded Systems, NLP, Data Warehousing, Quantum Computing, Data Visualization, API Development, MLOps, Predictive Modeling, Systems Design, Edge Computing, Distributed Systems, Blockchain, Artificial Intelligence, IoT, Algorithm Engineering",7
170,"Network Security, Database Systems, Reinforcement Learning, MLOps, ETL Pipelines, NLP, Artificial Intelligence, Data Visualization, Machine Learning, Generative AI, Edge Computing, Cloud Computing, IoT, Algorithm Engineering, Systems Design",6
171,"Optimization, Time Series Analysis, Deep Learning, Edge Computing, Computer Vision, Reinforcement Learning, Predictive Modeling, Blockchain, MLOps, Machine Learning, Business Intelligence, Data Visualization, Cloud Computing, Generative AI, Algorithm Engineering",8
172,"IoT, Edge Computing, Predictive Modeling, Optimization, Data Visualization, NLP, Data Analysis, Data Warehousing, Algorithm Engineering, Cloud Computing, Database Systems, Generative AI, Systems Design, Business Intelligence, Blockchain",8
173,"Database Systems, Optimization, Predictive Modeling, Data Visualization, Data Mining, Embedded Systems, Artificial Intelligence, API Development, Generative AI, Systems Design, DevOps, Business Intelligence, Cloud Computing, MLOps, Reinforcement Learning",8
174,"Cybersecurity, DevOps, Machine Learning, Big Data, Robotics, Predictive Modeling, Quantum Computing, Algorithm Engineering, IoT, Statistical Modeling, NLP, Generative AI, Time Series Analysis, Software Engineering, Computer Vision",7
175,"Deep Learning, DevOps, Database Systems, Data Analysis, Big Data, Data Mining, Cloud Computing, Predictive Modeling, Artificial Intelligence, Time Series Analysis, Business Intelligence, API Development, Distributed Systems, Robotics, Reinforcement Learning",5
176,"Software Engineering, Business Intelligence, Database Systems, IoT, Data Mining, Embedded Systems, Deep Learning, Time Series Analysis, API Development, Computer Vision, Blockchain, Data Analysis, Generative AI, Artificial Intelligence, Data Visualization",5
177,"Cloud Computing, Data Visualization, MLOps, DevOps, Generative AI, Optimization, Predictive Modeling, Robotics, Edge Computing, Cybersecurity, Systems Design, Software Engineering, Artificial Intelligence, API Development, Business Intelligence",7
178,"Data Mining, NLP, ETL Pipelines, Data Warehousing, Deep Learning, Reinforcement Learning, Quantum Computing, Network Security, Artificial Intelligence, Cybersecurity, Database Systems, Distributed Systems, Big Data, Data Analysis, Computer Vision",7
179,"Statistical Modeling, Machine Learning, Systems Design, Software Engineering, Computer Vision, Time Series Analysis, IoT, Data Analysis, Embedded Systems, Artificial Intelligence, Optimization, Cloud Computing, NLP, Data Mining, Distributed Systems",6
180,"Embedded Systems, Blockchain, Cybersecurity, Data Warehousing, API Development, Network Security, Predictive Modeling, Software Engineering, Robotics, Distributed Systems, Deep Learning, Data Visualization, Database Systems, Algorithm Engineering, Computer Vision",6
181,"Blockchain, Network Security, Edge Computing, Computer Vision, Business Intelligence, Systems Design, DevOps, Embedded Systems, Software Engineering, Cybersecurity, API Development, Distributed Systems, Deep Learning, Data Visualization, Robotics",6
182,"Network Security, Predictive Modeling, Computer Vision, DevOps, Data Visualization, Systems Design, Business Intelligence, IoT, Time Series Analysis, Algorithm Engineering, Data Mining, Robotics, Cybersecurity, Machine Learning, Database Systems",6
183,"MLOps, Business Intelligence, Data Warehousing, Edge Computing, Artificial Intelligence, Data Analysis, Cybersecurity, API Development, Optimization, Data Visualization, Generative AI, IoT, NLP, Data Mining, Computer Vision",7
184,"Distributed Systems, Software Engineering, Predictive Modeling, NLP, Artificial Intelligence, Optimization, Data Warehousing, Embedded Systems, Generative AI, Quantum Computing, Computer Vision, Robotics, Business Intelligence, Edge Computing, API Development",7
185,"DevOps, Business Intelligence, Data Visualization, Systems Design, Data Analysis, Network Security, Big Data, Data Warehousing, Reinforcement Learning, Edge Computing, ETL Pipelines, Data Mining, Algorithm Engineering, Predictive Modeling, API Development",8
186,"Time Series Analysis, Predictive Modeling, Algorithm Engineering, Blockchain, Computer Vision, Machine Learning, Edge Computing, Deep Learning, Statistical Modeling, Quantum Computing, Big Data, Data Visualization, Data Analysis, Data Warehousing, Robotics",5
187,"Predictive Modeling, DevOps, Deep Learning, Machine Learning, Software Engineering, Artificial Intelligence, Statistical Modeling, Edge Computing, Business Intelligence, Quantum Computing, Robotics, Embedded Systems, Cloud Computing, Blockchain, API Development",8
188,"Algorithm Engineering, Data Mining, ETL Pipelines, Machine Learning, Statistical Modeling, Deep Learning, Data Analysis, MLOps, Edge Computing, Data Visualization, Distributed Systems, Software Engineering, Big Data, Optimization, IoT",6
189,"Predictive Modeling, API Development, Data Analysis, Edge Computing, Software Engineering, Data Warehousing, Robotics, Deep Learning, Statistical Modeling, Systems Design, IoT, Reinforcement Learning, Algorithm Engineering, Artificial Intelligence, NLP",5
190,"Artificial Intelligence, Big Data, Computer Vision, Predictive Modeling, Time Series Analysis, Data Warehousing, Distributed Systems, Data Visualization, NLP, Cybersecurity, Data Mining, Systems Design, IoT, Network Security, Statistical Modeling",8
191,"Data Analysis, Database Systems, Data Mining, NLP, Machine Learning, Software Engineering, Systems Design, Big Data, Optimization, Data Warehousing, Reinforcement Learning, Blockchain, Time Series Analysis, Cybersecurity, Cloud Computing",7
192,"NLP, Big Data, Predictive Modeling, Software Engineering, DevOps, Business Intelligence, Generative AI, Time Series Analysis, Data Visualization, Systems Design, Robotics, ETL Pipelines, Data Analysis, Database Systems, Distributed Systems",6
193,"Embedded Systems, API Development, Network Security, Predictive Modeling, DevOps, Distributed Systems, Deep Learning, NLP, Data Mining, Big Data, Statistical Modeling, Software Engineering, Data Warehousing, MLOps, IoT",7
194,"Deep Learning, Data Visualization, Cloud Computing, Systems Design, Statistical Modeling, Machine Learning, Computer Vision, Artificial Intelligence, ETL Pipelines, Generative AI, Robotics, Blockchain, Edge Computing, Embedded Systems, Data Analysis",6
195,"Algorithm Engineering, Systems Design, Predictive Modeling, Reinforcement Learning, Data Warehousing, Robotics, Statistical Modeling, Cloud Computing, Database Systems, Data Analysis, Time Series Analysis, NLP, IoT, Blockchain, Quantum Computing",8
196,"Systems Design, Blockchain, Edge Computing, Algorithm Engineering, Data Mining, Big Data, Data Visualization, Cybersecurity, ETL Pipelines, Software Engineering, Business Intelligence, Predictive Modeling, Data Analysis, Cloud Computing, Robotics",8
197,"NLP, Deep Learning, Machine Learning, Quantum Computing, Cybersecurity, Big Data, Artificial Intelligence, Algorithm Engineering, ETL Pipelines, Database Systems, Robotics, IoT, API Development, Data Analysis, Network Security",5
198,"Time Series Analysis, Data Visualization, Software Engineering, Edge Computing, Database Systems, Algorithm Engineering, Embedded Systems, Optimization, Machine Learning, Robotics, Big Data, IoT, Data Analysis, MLOps, Predictive Modeling",6
199,"Time Series Analysis, Blockchain, Business Intelligence, Algorithm Engineering, API Development, Cybersecurity, Reinforcement Learning, Big Data, Database Systems, Generative AI, Deep Learning, MLOps, Data Visualization, Data Analysis, Machine Learning",7
200,"NLP, Robotics, Statistical Modeling, Data Analysis, Generative AI, Machine Learning, Business Intelligence, Big Data, Systems Design, Data Mining, Network Security, API Development, Time Series Analysis, MLOps, Reinforcement Learning",8
